objection,response
"I like the product","great!anything else you need?"
"Too expensive","What is your budget? We offer financing options and discounts for bulk purchases. Check the recommendations."
"Not interested","Our products come with a satisfaction guarantee and excellent customer service."
"Too complicated","Our products are easy to use, and we provide tutorials and customer support."
"Not the right fit","We offer a variety of models that may suit your needs better."
"I need to think about it","Take your time. Let me know if you have any questions or need more details to decide."
"Need approval from my manager","We can provide detailed information or a presentation for your manager."
"Not urgent","We understand. Keep in mind our limited-time offers and support when you're ready."
"Prefer a competitor","What features or services do you value most? We can highlight how we meet or exceed those."
"Don't trust the brand","We have received excellent reviews and offer a satisfaction guarantee for peace of mind."
"Too risky","Our product comes with a warranty and a full refund policy to eliminate any risk for you."
"Features are lacking","Can you share which features you are looking for? We may have customizable options or alternatives."
"Don't have time","We can provide a quick demo or share materials to review at your convenience."
"Bad reviews online","Customer satisfaction is our priority. Can I share some recent positive feedback and improvements we've made?"
"Already using another product","We'd love to discuss how our product can complement or improve upon your current solution."
"Doesn't meet my requirements","Can you specify your needs? We might have a suitable alternative or a way to adapt."
"Privacy concerns","We adhere to strict data privacy standards and comply with all relevant regulations."
"Not customizable enough","We offer several customizations and are open to discussing additional features if needed."
"Limited budget","We have cost-effective options and flexible payment plans. Let me show you."
"Concerns about durability","Our products undergo rigorous testing and come with extended warranties."
"Too complex to implement","We offer hands-on assistance and detailed guides to make implementation easy."
"Not enough proof of results","Let me share case studies and testimonials from similar customers."
"Not visually appealing","We are constantly updating our designs. Can I show you some alternative models?"
"Doesn’t support my region","We’re expanding rapidly. Let me check if we have upcoming support for your area."
"Shipping takes too long","We offer expedited shipping and real-time tracking to meet urgent needs."
"No prior experience with this type of product","Our beginner-friendly tutorials and 24/7 support ensure an easy learning curve."
"Concerns about hidden costs","We provide a transparent pricing structure. There are no hidden fees."
"Worried about scalability","Our solutions are designed to grow with your needs, ensuring long-term compatibility."
"Doesn’t integrate with my current system","We support integrations with most major platforms and offer API solutions."
"Dislike the design","Let me show you alternative options that align more with your preferences."
"Limited after-sales support","We provide 24/7 support, regular updates, and a dedicated customer success team."
"Not sure about the return policy","We have a hassle-free return policy for your convenience."
"Too new to the market","While new, we bring innovative features and have backing from trusted partners."
"Security concerns","Our solutions comply with industry-standard security protocols to protect your data."
"Concerned about compatibility","Let me verify the compatibility with your existing setup."
"Don’t like the materials used","We have options that use sustainable and high-quality materials."
"Not sure about the warranty","We offer extended warranties and free servicing during the warranty period."
"Don’t need it right now","Whenever you’re ready, we’ll ensure you get the best deal."
"I need more time to decide","Of course. Take your time, and feel free to reach out if you have additional questions."
"Too advanced for my needs","We offer simpler models that may align better with your requirements."
"No space for it","We have compact designs that fit into smaller spaces without compromising functionality."
"Too many features I won't use","We can help you focus on the features that matter most to your needs."
"Concerned about installation","Our team provides installation services or easy-to-follow instructions for a smooth setup."
"I’ve heard about issues with this product","We’ve addressed those issues in our latest version. Let me explain the improvements."
"Not the right time","We understand. Keep us in mind when the timing aligns with your goals."
"I don’t see the value","Let me highlight the benefits and cost-saving aspects to clarify the value."
"Hard to trust new technologies","Our technology is backed by extensive research and positive customer experiences."
"Doesn’t match my current style","We offer a range of styles. Let me show you options that might align better."
"Prefer to wait for reviews","We already have early feedback from users that you might find helpful."
"Too many options, can't decide","I can help narrow down the options based on your preferences and needs."
"Not sure about technical support","Our support team is available 24/7 and includes experts ready to assist you."
"Don’t like subscription models","We also offer one-time purchase options with lifetime access."
"Too difficult to train my team","We provide training materials and support to ensure your team is up to speed quickly."
"Concerns about energy efficiency","Our product is designed to save energy, lowering your utility costs."
"I’m waiting for a sale","We have ongoing promotions. Let me check if there’s one you can take advantage of now."
"Not eco-friendly","We’re committed to sustainability and use environmentally friendly materials where possible."
"Competitor has better pricing","We can discuss matching prices or highlighting additional value we offer."
"Warranty seems short","We offer affordable extended warranty plans for additional peace of mind."
"Don't understand the features","I’d be happy to walk you through each feature and its benefits."
"Hard to keep clean","Our product includes low-maintenance materials and a cleaning guide for convenience."
"Not portable enough","We have portable models designed for ease of transport. Let me show you."
"Doesn’t solve my problem","Can you elaborate on your issue? We may have a customized solution for you."
"I’m concerned about support in my language","We offer multilingual support to cater to diverse customer needs."
"Afraid it won’t last long","Our product comes with durability guarantees and customer testimonials to prove its longevity."
"I need to see it in action","We can arrange a live demo or provide video tutorials for you to review."
"Delivery costs too much","We often run promotions for free or discounted shipping. Let me check for you."
"Don’t understand the setup process","Our setup guide is user-friendly, and our team is ready to assist you step by step."
"Seems too bulky","We offer slimmer versions that maintain all the features while saving space."
"Too technical for me","We’ve simplified the interface and provide tutorials for non-technical users."
"Don’t like the color","We have a variety of colors available. Let me show you the other options."
"Not sure about the size","We offer different sizes. Let me help you find the perfect one for your needs."
"Shipping fees are too high","We have discounted shipping options for bulk purchases. Let me check for you."
"Don't want to commit to a contract","We offer contract-free options, giving you flexibility and peace of mind."
"I don’t need all the features","We can tailor the product to focus on the essential features you require."
"Concerned about noise levels","Our product operates quietly, and I can provide noise level details for comparison."
"Not familiar with the brand","Our company has a strong track record of customer satisfaction. I’d be happy to share more about us."
"Doesn't meet my environmental standards","We are continuously improving and focus on eco-friendly materials and processes."
"Too heavy for me to carry","We offer lighter models that retain the same great functionality. Would you like to explore them?"
"Afraid it won't perform well","Our product is extensively tested, and customer reviews highlight its excellent performance."
"I don’t like the packaging","We offer eco-friendly and minimal packaging options. Let me show you the alternatives."
"Not convinced it will work for me","I can share success stories and use cases to demonstrate how it works for similar customers."
"Not available in my location","We’re expanding into new areas, and I can check if it will be available soon."
"Not confident about customer support","Our dedicated customer support team is known for its responsiveness and effectiveness."
"Unsure about the installation process","We offer professional installation services and detailed online guides to make it seamless."
"I prefer something more simple","We have simplified options that provide the essential features you need."
"Not sure about the brand reputation","We have excellent customer feedback and trusted partnerships. I can share reviews for reassurance."
"Too busy to look into it","We can schedule a brief call or send you a summary for you to review when it’s convenient."
"I need to check with my team","We can provide a product demo or detailed report to help your team make an informed decision."
"Not sure it will fit my space","We offer compact versions or a space planning service to ensure it fits perfectly."
"Not convinced by the design","We have a variety of designs, and I’d be happy to show you alternatives that suit your style."
"Can’t find enough information online","I can send you detailed product specifications, manuals, or answer any specific questions."
"Don’t want to spend too much time on this","We can make the decision process quick and easy by focusing on your key priorities."
"Not happy with the customer service reputation","We take customer feedback seriously, and I’d be happy to address any concerns you have."
"Not comfortable with the technology","We offer easy-to-use solutions, and our customer support can walk you through it."
"Concerned about ongoing maintenance","Our product is low-maintenance and comes with a comprehensive guide to help you care for it."
"Not a priority right now","Whenever you're ready, we’ll have special offers and support ready for you."
"Doesn’t match my aesthetic","We have a wide range of designs that can fit your personal taste. Would you like to explore some?"
"Not ready to buy yet","That’s fine! We’re here when you’re ready to make a decision."
"Afraid it won't deliver results","We offer performance guarantees and share customer success stories to show the proven results."
"Not ideal for my lifestyle","Can you share more about your lifestyle? We may have a model that fits your needs better."
"Too many steps involved","We’ve simplified the process, and our customer support team will be there to assist you every step of the way."
"Don’t trust online reviews","Our product is backed by verified reviews from real customers. I can share specific feedback."
"Doesn’t work with my device","Let me check the compatibility with your device. We support most major platforms."
"Shipping delays are a concern","We offer expedited shipping options to ensure timely delivery. Let me check the best option."
"Afraid it will break easily","Our product is designed for durability, and we provide a warranty for peace of mind."
"Doesn’t seem like the right solution","Could you tell me more about your specific needs? I may be able to recommend a better fit."
"Too high-maintenance","Our product is designed for ease of use, with minimal maintenance required."
"Not enough storage space","We offer more compact models or solutions with larger storage options. Let me show you."
"Too many buttons or controls","We have streamlined models with simpler controls. Would you like to explore them?"
"Not sure about the quality","We use only high-quality materials, and I can share more about our manufacturing process."
"Too confusing to set up","Our setup process is straightforward, and our team is always available to assist you."
"Not confident it will suit my needs","We offer a satisfaction guarantee so you can try it risk-free and see if it’s the right fit."
"Doesn’t seem compatible with my workflow","We can help you integrate this into your existing workflow smoothly."
"Too many negative reviews","We have taken steps to address issues, and I can share recent improvements and positive feedback."
"Too many options, not sure where to start","I can help narrow down the choices based on your preferences and requirements."
"Don’t want to make a purchase right now","That's perfectly fine! Whenever you’re ready, we’ll be here to help."
